"UNIDADES EXECUTANTES","TIPO DE LEITO","ESPECIALIDADES","FLUXO REGULATÓRIO","PARTICULARIDADES DA SOLICITAÇÃO POR UNIDADE EXECUTANTE","COBERTURA SAD - MUNICÍPIO REFERÊNCIA X UN. EXECUTANTE","","","","","","","","","","","","","","","","","","","",""
"HMAP - AP. DE GOIÂNIA  / INTERMEDIAÇÃO ","ENFERMARIA ADULTO","CIRURGIA VASCULAR/ENDO/ANGIO","INTERMEDIAÇÃO","HMAP (INTERMEDIAÇÃO SISREG): REVASCULARIZAÇÃO JÁ AVALIADO PELO VASCULAR. COLOCAR EM LEITO DE CIRURGIA GERAL, PROCEDIMENTOS: 0406020434, 0406020434, 0406020442, 0406040028.            ","","","","","","","","","","","","","","","","","","","","",""
"HMAP - AP. DE GOIÂNIA  / INTERMEDIAÇÃO ","ENFERMARIA ADULTO","CARDIOVASCULAR","INTERMEDIAÇÃO","HMAP (INTERMEDIAÇÃO SISREG): HEMODINÂMICA (IAM C/ SUPRA ST), ANGIOPLASTIA (REVASCULARIZAÇÃO) DE CORONÁRIA, AORTA, CAVA, EXTREMIDADES. NÃO SOLICITAR FORA DESTE PERFIL.","","","","","","","","","","","","","","","","","","","","",""
"HOSPITA CORAÇÃO DE JESUS GOIÂNIA  / INTERMEDIAÇÃO ","ENFERMARIA ADULTO","ORTOPEDIA E TRAUMATOLOGIA","INTERMEDIAÇÃO","BAIXA COMPLEXIDADE","","","","","","","","","","","","","","","","","","","","",""
"HOSPITA CORAÇÃO DE JESUS GOIÂNIA  / INTERMEDIAÇÃO ","ENFERMARIA ADULTO","CIRURGIA GERAL","INTERMEDIAÇÃO","BAIXA COMPLEXIDADE","","","","","","","","","","","","","","","","","","","","",""
"HOSPITAL DAS CLÍNICAS GOIÂNIA / INTERMEDIAÇÃO ","ENFERMARIA ADULTO","CARDIOLOGIA CLÍNICA","INTERMEDIAÇÃO","","","","","","","","","","","","","","","","","","","","","",""
"HOSPITAL DAS CLÍNICAS GOIÂNIA / INTERMEDIAÇÃO ","ENFERMARIA ADULTO","CARDIOVASCULAR","INTERMEDIAÇÃO","","","","","","","","","","","","","","","","","","","","","",""
"HOSPITAL DAS CLÍNICAS GOIÂNIA / INTERMEDIAÇÃO ","ENFERMARIA ADULTO","CIRURGIA GERAL","INTERMEDIAÇÃO","","","","","","","","","","","","","","","","","","","","","",""
"HOSPITAL DAS CLÍNICAS GOIÂNIA / INTERMEDIAÇÃO ","ENFERMARIA ADULTO","CIRURGIA TORÁCICA","INTERMEDIAÇÃO","","","","","","","","","","","","","","","","","","","","","",""
"HOSPITAL DAS CLÍNICAS GOIÂNIA / INTERMEDIAÇÃO ","UTI ADULTO","CLÍNICA MÉDICA","INTERMEDIAÇÃO","","","","","","","","","","","","","","","","","","","","","",""
"HOSPITAL DAS CLÍNICAS GOIÂNIA / INTERMEDIAÇÃO ","ENFERMARIA ADULTO","CLÍNICA MÉDICA","INTERMEDIAÇÃO","","","","","","","","","","","","","","","","","","","","","",""
"HOSPITAL DAS CLÍNICAS GOIÂNIA / INTERMEDIAÇÃO ","ENFERMARIA ADULTO","GASTROENTEROLOGIA","INTERMEDIAÇÃO","","","","","","","","","","","","","","","","","","","","","",""
"HOSPITAL DAS CLÍNICAS GOIÂNIA / INTERMEDIAÇÃO ","ENFERMARIA ADULTO","HEMATOLOGIA","INTERMEDIAÇÃO","","","","","","","","","","","","","","","","","","","","","",""
"HOSPITAL DAS CLÍNICAS GOIÂNIA / INTERMEDIAÇÃO ","ENFERMARIA ADULTO","NEFROLOGIA","INTERMEDIAÇÃO","","","","","","","","","","","","","","","","","","","","","",""
"HOSPITAL DAS CLÍNICAS GOIÂNIA / INTERMEDIAÇÃO ","UTI NEO","NEONATOLOGIA","INTERMEDIAÇÃO","","","","","","","","","","","","","","","","","","","","","",""
"HOSPITAL DAS CLÍNICAS GOIÂNIA / INTERMEDIAÇÃO ","ENFERMARIA ADULTO","NEUROCIRURGIA","INTERMEDIAÇÃO","","","","","","","","","","","","","","","","","","","","","",""
"HOSPITAL DAS CLÍNICAS GOIÂNIA / INTERMEDIAÇÃO ","ENFERMARIA ADULTO","NEUROLOGIA","INTERMEDIAÇÃO","","","","","","","","","","","","","","","","","","","","","",""
"HOSPITAL DAS CLÍNICAS GOIÂNIA / INTERMEDIAÇÃO ","ENFERMARIA ADULTO","ONCOLOGIA","INTERMEDIAÇÃO","","","","","","","","","","","","","","","","","","","","","",""
"HOSPITAL DAS CLÍNICAS GOIÂNIA / INTERMEDIAÇÃO ","ENFERMARIA ADULTO","ORTOPEDIA E TRAUMATOLOGIA","INTERMEDIAÇÃO","MÉDIA E ALTA COMPLEXIDADE","","","","","","","","","","","","","","","","","","","","",""
"HOSPITAL DAS CLÍNICAS GOIÂNIA / INTERMEDIAÇÃO ","ENFERMARIA ADULTO","PNEUMOLOGIA","INTERMEDIAÇÃO","","","","","","","","","","","","","","","","","","","","","",""
"HOSPITAL EVANGÉLICO - ANÁPOLIS / INTERMEDIAÇÃO ","UTI ADULTO","CARDIOVASCULAR","INTERMEDIAÇÃO","ALTA COMPLEXIDADE CIRURGIA CARDIOVASCULAR","","","","","","","","","","","","","","","","","","","","",""
"HOSPITAL EVANGÉLICO - ANÁPOLIS / INTERMEDIAÇÃO ","ENFERMARIA ADULTO","CARDIOVASCULAR","INTERMEDIAÇÃO","ALTA COMPLEXIDADE CIRURGIA CARDIOVASCULAR","","","","","","","","","","","","","","","","","","","","",""
"HOSPITAL GARAVELO - AP. DE GOIÂNIA / INTERMEDIAÇÃO ","UTI NEO","NEONATOLOGIA","INTERMEDIAÇÃO","RECÉM-NASCIDO ATÉ 30 DIAS (SEM NECESSIDADE DE CARDIOLOGIA)","","","","","","","","","","","","","","","","","","","","",""
"HOSPITAL SANTA LUCIA - GOIÂNIA / INTERMEDIAÇÃO ","ENFERMARIA ADULTO","ORTOPEDIA E TRAUMATOLOGIA","INTERMEDIAÇÃO","","","","","","","","","","","","","","","","","","","","","",""
"HOSPITAL SANTA MÔNICA  - AP. DE GOIÂNIA / INTERMEDIAÇÃO ","ENFERMARIA ADULTO","NEUROCIRURGIA","INTERMEDIAÇÃO","COLUNA, TUMOR CEREBAL (DEPENDE DO GRAU DE ABORDAGEM, LOCALIZAÇÃO), HEMORRAGIA CEREBRAL COM INDICAÇÃO DE CIRURGIA, TUMOR DE HIPÓFISE. NÃO REALIZA EMBOLIZAÇÃO, ANEURISMA MENOR QUE 1,5 TEM QUE AVALIAR CLIPAGEM, NÃO RECEBE PEDIATRIA.   NÃO INSERIR PACIENTES DA REGIÃO CENTRAL DA MACRORREGIÃO CENTRO-OESTE E NÃO INSERIR PACIENTES DA MACRORREGIÃO CENTRO-SUDESTE","","","","","","","","","","","","","","","","","","","","",""
"HOSPITAL SANTA ROSA - GOIâNIA / INTERMEDIAÇÃO ","UTI ADULTO","CLÍNICA MÉDICA","INTERMEDIAÇÃO","","","","","","","","","","","","","","","","","","","","","",""
"HOSPITAL SANTA SÃO JUDAS TADEU - GOIâNIA / INTERMEDIAÇÃO ","ENFERMARIA ADULTO","ORTOPEDIA E TRAUMATOLOGIA","INTERMEDIAÇÃO","ORTOPEDIA BAIXA COMPLEXIDADE","","","","","","","","","","","","","","","","","","","","",""
"HOSPITAL SANTA SÃO JUDAS TADEU GOIâNIA  / INTERMEDIAÇÃO ","ENFERMARIA ADULTO","CLÍNICA MÉDICA","INTERMEDIAÇÃO","","","","","","","","","","","","","","","","","","","","","",""
"HOSPITAL SANTA SÃO JUDAS TADEU GOIâNIA  / INTERMEDIAÇÃO ","UTI NEO","NEONATOLOGIA","INTERMEDIAÇÃO","","","","","","","","","","","","","","","","","","","","","",""
"HOSPITAL SÃO DOMINGOS - GOIÂNIA  / INTERMEDIAÇÃO ","ENFERMARIA ADULTO","CLÍNICA MÉDICA","INTERMEDIAÇÃO","","","","","","","","","","","","","","","","","","","","","",""
"HOSPITAL SÃO SILVESTRE - AP. DE GOIÂNIA / INTERMEDIAÇÃO ","ENFERMARIA ADULTO","NEUROCIRURGIA","INTERMEDIAÇÃO","COLUNA, TUMOR CEREBAL (DEPENDE DO GRAU DE ABORDAGEM, LOCALIZAÇÃO), HEMORRAGIA CEREBRAL COM INDICAÇÃO DE CIRURGIA, TUMOR DE HIPÓFISE. NÃO REALIZA EMBOLIZAÇÃO, ANEURISMA MENOR QUE 1,5 TEM QUE AVALIAR CLIPAGEM, NÃO RECEBE PEDIATRIA.   NÃO INSERIR PACIENTES DA REGIÃO CENTRAL DA MACRORREGIÃO CENTRO-OESTE E NÃO INSERIR PACIENTES DA MACRORREGIÃO CENTRO-SUDESTE","","","","","","","","","","","","","","","","","","","","",""
"INTERMEDIAÇÃO GYN SISCV HOSPITAL ARAUJO JORGE GOIâNIA ","UTI ADULTO","ONCOLOGIA","INTERMEDIAÇÃO","HOSPITAL ARAUJO JORGE GOIâNIA (INTERMEDIAÇÃO SISCV): REFÊRENCIA EM RADIOTERAPIA, HEMATOLOGIA, TORÁCICA","","","","","","","","","","","","","","","","","","","","",""
"INTERMEDIAÇÃO GYN SISCV HOSPITAL ARAUJO JORGE GOIâNIA ","UTI ADULTO","ONCOLOGIA","INTERMEDIAÇÃO","","","","","","","","","","","","","","","","","","","","","",""
"INTERMEDIAÇÃO GYN SISCV HOSPITAL ARAUJO JORGE GOIâNIA ","ENFERMARIA ADULTO","ONCOLOGIA","INTERMEDIAÇÃO","","","","","","","","","","","","","","","","","","","","","",""
"INTERMEDIAÇÃO GYN SISCV HOSPITAL ARAUJO JORGE GOIâNIA ","ENFERMARIA ADULTO","ONCOLOGIA","INTERMEDIAÇÃO","","","","","","","","","","","","","","","","","","","","","",""
"INTERMEDIAÇÃO GYN SISCV HOSPITAL ARAUJO JORGE GOIâNIA (INTERMEDIAÇÃO SISCV)","UTI ADULTO","ONCOLOGIA","INTERMEDIAÇÃO","","","","","","","","","","","","","","","","","","","","","",""
"INTERMEDIAÇÃO GYN SISCV HOSPITAL ARAUJO JORGE GOIâNIA (INTERMEDIAÇÃO SISCV)","UTI ADULTO","ONCOLOGIA","INTERMEDIAÇÃO","","","","","","","","","","","","","","","","","","","","","",""
"INTERMEDIAÇÃO GYN SISCV HOSPITAL ARAUJO JORGE GOIâNIA (INTERMEDIAÇÃO SISCV)","UTI ADULTO","ONCOLOGIA","INTERMEDIAÇÃO","","","","","","","","","","","","","","","","","","","","","",""
"INTERMEDIAÇÃO GYN SISCV HOSPITAL ARAUJO JORGE GOIâNIA (INTERMEDIAÇÃO SISCV)","UTI ADULTO","ONCOLOGIA","INTERMEDIAÇÃO","","","","","","","","","","","","","","","","","","","","","",""
"INTERMEDIAÇÃO GYN SISCV HOSPITAL ARAUJO JORGE GOIâNIA (INTERMEDIAÇÃO SISCV)","UTI ADULTO","ONCOLOGIA","INTERMEDIAÇÃO","","","","","","","","","","","","","","","","","","","","","",""
"INTERMEDIAÇÃO GYN SISCV HOSPITAL ARAUJO JORGE GOIâNIA (INTERMEDIAÇÃO SISCV)","UTI ADULTO","ONCOLOGIA","INTERMEDIAÇÃO","","","","","","","","","","","","","","","","","","","","","",""
"INTERMEDIAÇÃO GYN SISCV HOSPITAL ARAUJO JORGE GOIâNIA (INTERMEDIAÇÃO SISCV)","UTI ADULTO","ONCOLOGIA","INTERMEDIAÇÃO","","","","","","","","","","","","","","","","","","","","","",""
"INTERMEDIAÇÃO GYN SISCV HOSPITAL ARAUJO JORGE GOIâNIA (INTERMEDIAÇÃO SISCV)","UTI ADULTO","ONCOLOGIA","INTERMEDIAÇÃO","","","","","","","","","","","","","","","","","","","","","",""
"INTERMEDIAÇÃO GYN SISCV HOSPITAL ARAUJO JORGE GOIâNIA (INTERMEDIAÇÃO SISCV)","UTI ADULTO","ONCOLOGIA","INTERMEDIAÇÃO","","","","","","","","","","","","","","","","","","","","","",""
"INTERMEDIAÇÃO GYN SISCV HOSPITAL ARAUJO JORGE GOIâNIA (INTERMEDIAÇÃO SISCV)","UTI ADULTO","ONCOLOGIA","INTERMEDIAÇÃO","","","","","","","","","","","","","","","","","","","","","",""
"INTERMEDIAÇÃO GYN SISCV HOSPITAL ARAUJO JORGE GOIâNIA (INTERMEDIAÇÃO SISCV)","ENFERMARIA ADULTO","ONCOLOGIA","INTERMEDIAÇÃO","","","","","","","","","","","","","","","","","","","","","",""
"INTERMEDIAÇÃO GYN SISCV HOSPITAL ARAUJO JORGE GOIâNIA (INTERMEDIAÇÃO SISCV)","ENFERMARIA ADULTO","ONCOLOGIA","INTERMEDIAÇÃO","","","","","","","","","","","","","","","","","","","","","",""
"INTERMEDIAÇÃO GYN SISCV HOSPITAL ARAUJO JORGE GOIâNIA (INTERMEDIAÇÃO SISCV)","ENFERMARIA ADULTO","ONCOLOGIA","INTERMEDIAÇÃO","","","","","","","","","","","","","","","","","","","","","",""
"INTERMEDIAÇÃO GYN SISCV HOSPITAL ARAUJO JORGE GOIâNIA (INTERMEDIAÇÃO SISCV)","ENFERMARIA ADULTO","ONCOLOGIA","INTERMEDIAÇÃO","","","","","","","","","","","","","","","","","","","","","",""
"INTERMEDIAÇÃO GYN SISCV HOSPITAL ARAUJO JORGE GOIâNIA (INTERMEDIAÇÃO SISCV)","ENFERMARIA ADULTO","ONCOLOGIA","INTERMEDIAÇÃO","","","","","","","","","","","","","","","","","","","","","",""
"INTERMEDIAÇÃO GYN SISCV HOSPITAL ARAUJO JORGE GOIâNIA (INTERMEDIAÇÃO SISCV)","ENFERMARIA ADULTO","ONCOLOGIA","INTERMEDIAÇÃO","","","","","","","","","","","","","","","","","","","","","",""
"INTERMEDIAÇÃO GYN SISCV HOSPITAL ARAUJO JORGE GOIâNIA (INTERMEDIAÇÃO SISCV)","ENFERMARIA ADULTO","ONCOLOGIA","INTERMEDIAÇÃO","","","","","","","","","","","","","","","","","","","","","",""
"INTERMEDIAÇÃO GYN SISCV HOSPITAL ARAUJO JORGE GOIâNIA (INTERMEDIAÇÃO SISCV)","ENFERMARIA ADULTO","ONCOLOGIA","INTERMEDIAÇÃO","","","","","","","","","","","","","","","","","","","","","",""
"INTERMEDIAÇÃO GYN SISCV HOSPITAL ARAUJO JORGE GOIâNIA (INTERMEDIAÇÃO SISCV)","ENFERMARIA ADULTO","ONCOLOGIA","INTERMEDIAÇÃO","","","","","","","","","","","","","","","","","","","","","",""
"INTERMEDIAÇÃO GYN SISCV HOSPITAL ARAUJO JORGE GOIâNIA (INTERMEDIAÇÃO SISCV)","ENFERMARIA ADULTO","ONCOLOGIA","INTERMEDIAÇÃO","","","","","","","","","","","","","","","","","","","","","",""
"INTERMEDIAÇÃO GYN SISCV HOSPITAL E MATERNIDADE CÉLIA CÂMARA GOIÂNIA ","UTI ADULTO","OBSTETRÍCIA","INTERMEDIAÇÃO","HOSPITAL E MATERNIDADE CÉLIA CÂMARA GOIÂNIA (INTERMEDIAÇÃO SISCV)","","","","","","","","","","","","","","","","","","","","",""
"INTERMEDIAÇÃO GYN SISCV HOSPITAL E MATERNIDADE CÉLIA CÂMARA GOIÂNIA ","UTI ADULTO","CLÍNICA MÉDICA","INTERMEDIAÇÃO","HOSPITAL E MATERNIDADE CÉLIA CÂMARA GOIÂNIA (INTERMEDIAÇÃO SISCV)","","","","","","","","","","","","","","","","","","","","",""
"INTERMEDIAÇÃO GYN SISCV HOSPITAL E MATERNIDADE CÉLIA CÂMARA GOIÂNIA ","UTI ADULTO","OBSTETRÍCIA","INTERMEDIAÇÃO","HOSPITAL E MATERNIDADE CÉLIA CÂMARA GOIÂNIA (INTERMEDIAÇÃO SISCV)","","","","","","","","","","","","","","","","","","","","",""
"INTERMEDIAÇÃO GYN SISCV HOSPITAL E MATERNIDADE CÉLIA CÂMARA GOIÂNIA ","UTI ADULTO","CLÍNICA MÉDICA","INTERMEDIAÇÃO","HOSPITAL E MATERNIDADE CÉLIA CÂMARA GOIÂNIA (INTERMEDIAÇÃO SISCV)","","","","","","","","","","","","","","","","","","","","",""
"INTERMEDIAÇÃO GYN SISCV HOSPITAL E MATERNIDADE CÉLIA CÂMARA GOIÂNIA ","UTI ADULTO","OBSTETRÍCIA","INTERMEDIAÇÃO","HOSPITAL E MATERNIDADE CÉLIA CÂMARA GOIÂNIA (INTERMEDIAÇÃO SISCV)","","","","","","","","","","","","","","","","","","","","",""
"INTERMEDIAÇÃO GYN SISCV HOSPITAL E MATERNIDADE CÉLIA CÂMARA GOIÂNIA ","UTI ADULTO","CLÍNICA MÉDICA","INTERMEDIAÇÃO","HOSPITAL E MATERNIDADE CÉLIA CÂMARA GOIÂNIA (INTERMEDIAÇÃO SISCV)","","","","","","","","","","","","","","","","","","","","",""
"INTERMEDIAÇÃO GYN SISCV HOSPITAL E MATERNIDADE CÉLIA CÂMARA GOIÂNIA ","UTI ADULTO","OBSTETRÍCIA","INTERMEDIAÇÃO","HOSPITAL E MATERNIDADE CÉLIA CÂMARA GOIÂNIA (INTERMEDIAÇÃO SISCV)","","","","","","","","","","","","","","","","","","","","",""
"INTERMEDIAÇÃO GYN SISCV HOSPITAL E MATERNIDADE CÉLIA CÂMARA GOIÂNIA ","UTI ADULTO","CLÍNICA MÉDICA","INTERMEDIAÇÃO","HOSPITAL E MATERNIDADE CÉLIA CÂMARA GOIÂNIA (INTERMEDIAÇÃO SISCV)","","","","","","","","","","","","","","","","","","","","",""
"INTERMEDIAÇÃO GYN SISCV HOSPITAL E MATERNIDADE CÉLIA CÂMARA GOIÂNIA ","UTI ADULTO","OBSTETRÍCIA","INTERMEDIAÇÃO","","","","","","","","","","","","","","","","","","","","","",""
"INTERMEDIAÇÃO GYN SISCV HOSPITAL E MATERNIDADE CÉLIA CÂMARA GOIÂNIA ","UTI ADULTO","CLÍNICA MÉDICA","INTERMEDIAÇÃO","","","","","","","","","","","","","","","","","","","","","",""
"INTERMEDIAÇÃO GYN SISCV HOSPITAL E MATERNIDADE CÉLIA CÂMARA GOIÂNIA ","UTI ADULTO","OBSTETRÍCIA","INTERMEDIAÇÃO","","","","","","","","","","","","","","","","","","","","","",""
"INTERMEDIAÇÃO GYN SISCV HOSPITAL E MATERNIDADE CÉLIA CÂMARA GOIÂNIA ","UTI ADULTO","OBSTETRÍCIA","INTERMEDIAÇÃO","","","","","","","","","","","","","","","","","","","","","",""
"INTERMEDIAÇÃO GYN SISCV HOSPITAL E MATERNIDADE CÉLIA CÂMARA GOIÂNIA ","UTI ADULTO","OBSTETRÍCIA","INTERMEDIAÇÃO","","","","","","","","","","","","","","","","","","","","","",""
"INTERMEDIAÇÃO GYN SISCV HOSPITAL E MATERNIDADE CÉLIA CÂMARA GOIÂNIA ","UTI ADULTO","OBSTETRÍCIA","INTERMEDIAÇÃO","","","","","","","","","","","","","","","","","","","","","",""
"INTERMEDIAÇÃO GYN SISCV HOSPITAL E MATERNIDADE CÉLIA CÂMARA GOIÂNIA ","UTI ADULTO","OBSTETRÍCIA","INTERMEDIAÇÃO","","","","","","","","","","","","","","","","","","","","","",""
"INTERMEDIAÇÃO GYN SISCV HOSPITAL E MATERNIDADE CÉLIA CÂMARA GOIÂNIA ","UTI ADULTO","OBSTETRÍCIA","INTERMEDIAÇÃO","","","","","","","","","","","","","","","","","","","","","",""
"INTERMEDIAÇÃO GYN SISCV HOSPITAL E MATERNIDADE CÉLIA CÂMARA GOIÂNIA ","UTI ADULTO","OBSTETRÍCIA","INTERMEDIAÇÃO","","","","","","","","","","","","","","","","","","","","","",""
"INTERMEDIAÇÃO GYN SISCV HOSPITAL E MATERNIDADE CÉLIA CÂMARA GOIÂNIA ","ENFERMARIA ADULTO","OBSTETRÍCIA","INTERMEDIAÇÃO","","","","","","","","","","","","","","","","","","","","","",""
"INTERMEDIAÇÃO GYN SISCV HOSPITAL E MATERNIDADE CÉLIA CÂMARA GOIÂNIA ","ENFERMARIA ADULTO","OBSTETRÍCIA","INTERMEDIAÇÃO","","","","","","","","","","","","","","","","","","","","","",""
"INTERMEDIAÇÃO GYN SISCV HOSPITAL E MATERNIDADE CÉLIA CÂMARA GOIÂNIA ","ENFERMARIA ADULTO","OBSTETRÍCIA","INTERMEDIAÇÃO","","","","","","","","","","","","","","","","","","","","","",""
"INTERMEDIAÇÃO GYN SISCV HOSPITAL E MATERNIDADE CÉLIA CÂMARA GOIÂNIA ","ENFERMARIA ADULTO","OBSTETRÍCIA","INTERMEDIAÇÃO","","","","","","","","","","","","","","","","","","","","","",""
"INTERMEDIAÇÃO GYN SISCV HOSPITAL E MATERNIDADE CÉLIA CÂMARA GOIÂNIA ","ENFERMARIA ADULTO","OBSTETRÍCIA","INTERMEDIAÇÃO","","","","","","","","","","","","","","","","","","","","","",""
"INTERMEDIAÇÃO GYN SISCV HOSPITAL E MATERNIDADE CÉLIA CÂMARA GOIÂNIA ","ENFERMARIA ADULTO","OBSTETRÍCIA","INTERMEDIAÇÃO","","","","","","","","","","","","","","","","","","","","","",""
"INTERMEDIAÇÃO GYN SISCV HOSPITAL E MATERNIDADE CÉLIA CÂMARA GOIÂNIA ","ENFERMARIA ADULTO","OBSTETRÍCIA","INTERMEDIAÇÃO","","","","","","","","","","","","","","","","","","","","","",""
"INTERMEDIAÇÃO GYN SISCV HOSPITAL E MATERNIDADE CÉLIA CÂMARA GOIÂNIA ","ENFERMARIA ADULTO","OBSTETRÍCIA","INTERMEDIAÇÃO","","","","","","","","","","","","","","","","","","","","","",""
"INTERMEDIAÇÃO GYN SISCV HOSPITAL E MATERNIDADE CÉLIA CÂMARA GOIÂNIA ","ENFERMARIA ADULTO","OBSTETRÍCIA","INTERMEDIAÇÃO","","","","","","","","","","","","","","","","","","","","","",""
"INTERMEDIAÇÃO GYN SISCV HOSPITAL E MATERNIDADE CÉLIA CÂMARA GOIÂNIA ","ENFERMARIA ADULTO","OBSTETRÍCIA","INTERMEDIAÇÃO","","","","","","","","","","","","","","","","","","","","","",""
"INTERMEDIAÇÃO GYN SISCV HOSPITAL E MATERNIDADE CÉLIA CÂMARA GOIÂNIA ","ENFERMARIA ADULTO","OBSTETRÍCIA","INTERMEDIAÇÃO","","","","","","","","","","","","","","","","","","","","","",""
"INTERMEDIAÇÃO GYN SISCV HOSPITAL E MATERNIDADE CÉLIA CÂMARA GOIÂNIA ","ENFERMARIA ADULTO","OBSTETRÍCIA","INTERMEDIAÇÃO","","","","","","","","","","","","","","","","","","","","","",""
"INTERMEDIAÇÃO GYN SISCV HOSPITAL JACOB FACURY GOIÂNIA ","UTI ADULTO","CLÍNICA MÉDICA","INTERMEDIAÇÃO","HOSPITAL JACOB FACURY GOIÂNIA (INTERMEDIAÇÃO SISCV)","","","","","","","","","","","","","","","","","","","","",""
"INTERMEDIAÇÃO GYN SISCV HOSPITAL JACOB FACURY GOIÂNIA ","UTI NEO","NEONATOLOGIA","INTERMEDIAÇÃO","HOSPITAL JACOB FACURY GOIÂNIA (INTERMEDIAÇÃO SISCV)","","","","","","","","","","","","","","","","","","","","",""
"INTERMEDIAÇÃO GYN SISCV HOSPITAL JACOB FACURY GOIÂNIA ","UTI ADULTO","CLÍNICA MÉDICA","INTERMEDIAÇÃO","HOSPITAL JACOB FACURY GOIÂNIA (INTERMEDIAÇÃO SISCV)","","","","","","","","","","","","","","","","","","","","",""
"INTERMEDIAÇÃO GYN SISCV HOSPITAL JACOB FACURY GOIÂNIA ","UTI NEO","NEONATOLOGIA","INTERMEDIAÇÃO","HOSPITAL JACOB FACURY GOIÂNIA (INTERMEDIAÇÃO SISCV)","","","","","","","","","","","","","","","","","","","","",""
"INTERMEDIAÇÃO GYN SISCV HOSPITAL JACOB FACURY GOIÂNIA ","UTI ADULTO","CLÍNICA MÉDICA","INTERMEDIAÇÃO","HOSPITAL JACOB FACURY GOIÂNIA (INTERMEDIAÇÃO SISCV)","","","","","","","","","","","","","","","","","","","","",""
"INTERMEDIAÇÃO GYN SISCV HOSPITAL JACOB FACURY GOIÂNIA ","UTI NEO","NEONATOLOGIA","INTERMEDIAÇÃO","HOSPITAL JACOB FACURY GOIÂNIA (INTERMEDIAÇÃO SISCV)","","","","","","","","","","","","","","","","","","","","",""
"INTERMEDIAÇÃO GYN SISCV HOSPITAL JACOB FACURY GOIÂNIA ","UTI ADULTO","CLÍNICA MÉDICA","INTERMEDIAÇÃO","HOSPITAL JACOB FACURY GOIÂNIA (INTERMEDIAÇÃO SISCV)","","","","","","","","","","","","","","","","","","","","",""
"INTERMEDIAÇÃO GYN SISCV HOSPITAL JACOB FACURY GOIÂNIA ","UTI NEO","NEONATOLOGIA","INTERMEDIAÇÃO","HOSPITAL JACOB FACURY GOIÂNIA (INTERMEDIAÇÃO SISCV)","","","","","","","","","","","","","","","","","","","","",""
"INTERMEDIAÇÃO GYN SISCV HOSPITAL JACOB FACURY GOIÂNIA ","UTI ADULTO","CLÍNICA MÉDICA","INTERMEDIAÇÃO","","","","","","","","","","","","","","","","","","","","","",""
"INTERMEDIAÇÃO GYN SISCV HOSPITAL JACOB FACURY GOIÂNIA ","UTI ADULTO","CLÍNICA MÉDICA","INTERMEDIAÇÃO","","","","","","","","","","","","","","","","","","","","","",""
"INTERMEDIAÇÃO GYN SISCV HOSPITAL RUY AZEREDO GOIÂNIA","UTI ADULTO","CARDIOLOGIA CLÍNICA","INTERMEDIAÇÃO","HOSPITAL RUY AZEREDO GOIÂNIA (INTERMEDIAÇÃO SISCV)","","","","","","","","","","","","","","","","","","","","",""
"INTERMEDIAÇÃO GYN SISCV HOSPITAL RUY AZEREDO GOIÂNIA","UTI ADULTO","CARDIOVASCULAR","INTERMEDIAÇÃO","HOSPITAL RUY AZEREDO GOIÂNIA (INTERMEDIAÇÃO SISCV): IAM, MARCAPASSO","","","","","","","","","","","","","","","","","","","","",""
"INTERMEDIAÇÃO GYN SISCV HOSPITAL RUY AZEREDO GOIÂNIA","UTI ADULTO","UTI CORONARIANA","INTERMEDIAÇÃO","HOSPITAL RUY AZEREDO GOIÂNIA (INTERMEDIAÇÃO SISCV)","","","","","","","","","","","","","","","","","","","","",""
"INTERMEDIAÇÃO GYN SISCV HOSPITAL RUY AZEREDO GOIÂNIA","UTI ADULTO","CARDIOLOGIA CLÍNICA","INTERMEDIAÇÃO","HOSPITAL RUY AZEREDO GOIÂNIA (INTERMEDIAÇÃO SISCV)","","","","","","","","","","","","","","","","","","","","",""
"INTERMEDIAÇÃO GYN SISCV HOSPITAL RUY AZEREDO GOIÂNIA","UTI ADULTO","CARDIOVASCULAR","INTERMEDIAÇÃO","HOSPITAL RUY AZEREDO GOIÂNIA (INTERMEDIAÇÃO SISCV): IAM, MARCAPASSO","","","","","","","","","","","","","","","","","","","","",""
"INTERMEDIAÇÃO GYN SISCV HOSPITAL RUY AZEREDO GOIÂNIA","UTI ADULTO","UTI CORONARIANA","INTERMEDIAÇÃO","HOSPITAL RUY AZEREDO GOIÂNIA (INTERMEDIAÇÃO SISCV)","","","","","","","","","","","","","","","","","","","","",""
"INTERMEDIAÇÃO GYN SISCV HOSPITAL RUY AZEREDO GOIÂNIA","UTI ADULTO","CARDIOLOGIA CLÍNICA","INTERMEDIAÇÃO","HOSPITAL RUY AZEREDO GOIÂNIA (INTERMEDIAÇÃO SISCV)","","","","","","","","","","","","","","","","","","","","",""
"INTERMEDIAÇÃO GYN SISCV HOSPITAL RUY AZEREDO GOIÂNIA","UTI ADULTO","CARDIOVASCULAR","INTERMEDIAÇÃO","HOSPITAL RUY AZEREDO GOIÂNIA (INTERMEDIAÇÃO SISCV): IAM, MARCAPASSO","","","","","","","","","","","","","","","","","","","","",""
"INTERMEDIAÇÃO GYN SISCV HOSPITAL RUY AZEREDO GOIÂNIA","UTI ADULTO","UTI CORONARIANA","INTERMEDIAÇÃO","HOSPITAL RUY AZEREDO GOIÂNIA (INTERMEDIAÇÃO SISCV)","","","","","","","","","","","","","","","","","","","","",""
"INTERMEDIAÇÃO GYN SISCV HOSPITAL RUY AZEREDO GOIÂNIA","UTI ADULTO","CARDIOLOGIA CLÍNICA","INTERMEDIAÇÃO","HOSPITAL RUY AZEREDO GOIÂNIA (INTERMEDIAÇÃO SISCV)","","","","","","","","","","","","","","","","","","","","",""
"INTERMEDIAÇÃO GYN SISCV HOSPITAL RUY AZEREDO GOIÂNIA","UTI ADULTO","CARDIOVASCULAR","INTERMEDIAÇÃO","HOSPITAL RUY AZEREDO GOIÂNIA (INTERMEDIAÇÃO SISCV): IAM, MARCAPASSO","","","","","","","","","","","","","","","","","","","","",""
"INTERMEDIAÇÃO GYN SISCV HOSPITAL RUY AZEREDO GOIÂNIA","UTI ADULTO","UTI CORONARIANA","INTERMEDIAÇÃO","HOSPITAL RUY AZEREDO GOIÂNIA (INTERMEDIAÇÃO SISCV)","","","","","","","","","","","","","","","","","","","","",""
"INTERMEDIAÇÃO GYN SISCV HOSPITAL RUY AZEREDO GOIÂNIA","UTI ADULTO","CARDIOLOGIA CLÍNICA","INTERMEDIAÇÃO","","","","","","","","","","","","","","","","","","","","","",""
"INTERMEDIAÇÃO GYN SISCV HOSPITAL RUY AZEREDO GOIÂNIA","UTI ADULTO","CARDIOVASCULAR","INTERMEDIAÇÃO","","","","","","","","","","","","","","","","","","","","","",""
"INTERMEDIAÇÃO GYN SISCV HOSPITAL RUY AZEREDO GOIÂNIA","UTI ADULTO","UTI CORONARIANA","INTERMEDIAÇÃO","","","","","","","","","","","","","","","","","","","","","",""
"INTERMEDIAÇÃO GYN SISCV HOSPITAL RUY AZEREDO GOIÂNIA","UTI ADULTO","CARDIOLOGIA CLÍNICA","INTERMEDIAÇÃO","","","","","","","","","","","","","","","","","","","","","",""
"INTERMEDIAÇÃO GYN SISCV HOSPITAL RUY AZEREDO GOIÂNIA","UTI ADULTO","CARDIOVASCULAR","INTERMEDIAÇÃO","","","","","","","","","","","","","","","","","","","","","",""
"INTERMEDIAÇÃO GYN SISCV HOSPITAL RUY AZEREDO GOIÂNIA","UTI ADULTO","CARDIOLOGIA CLÍNICA","INTERMEDIAÇÃO","","","","","","","","","","","","","","","","","","","","","",""
"INTERMEDIAÇÃO GYN SISCV HOSPITAL RUY AZEREDO GOIÂNIA","UTI ADULTO","CARDIOVASCULAR","INTERMEDIAÇÃO","","","","","","","","","","","","","","","","","","","","","",""
"INTERMEDIAÇÃO GYN SISCV HOSPITAL RUY AZEREDO GOIÂNIA","UTI ADULTO","CARDIOLOGIA CLÍNICA","INTERMEDIAÇÃO","","","","","","","","","","","","","","","","","","","","","",""
"INTERMEDIAÇÃO GYN SISCV HOSPITAL RUY AZEREDO GOIÂNIA","UTI ADULTO","CARDIOVASCULAR","INTERMEDIAÇÃO","","","","","","","","","","","","","","","","","","","","","",""
"INTERMEDIAÇÃO GYN SISCV HOSPITAL RUY AZEREDO GOIÂNIA","UTI ADULTO","CARDIOLOGIA CLÍNICA","INTERMEDIAÇÃO","","","","","","","","","","","","","","","","","","","","","",""
"INTERMEDIAÇÃO GYN SISCV HOSPITAL RUY AZEREDO GOIÂNIA","UTI ADULTO","CARDIOVASCULAR","INTERMEDIAÇÃO","","","","","","","","","","","","","","","","","","","","","",""
"INTERMEDIAÇÃO GYN SISCV HOSPITAL RUY AZEREDO GOIÂNIA","UTI ADULTO","CARDIOLOGIA CLÍNICA","INTERMEDIAÇÃO","","","","","","","","","","","","","","","","","","","","","",""
"INTERMEDIAÇÃO GYN SISCV HOSPITAL RUY AZEREDO GOIÂNIA","UTI ADULTO","CARDIOVASCULAR","INTERMEDIAÇÃO","","","","","","","","","","","","","","","","","","","","","",""
"INTERMEDIAÇÃO GYN SISCV HOSPITAL RUY AZEREDO GOIÂNIA","UTI ADULTO","CARDIOLOGIA CLÍNICA","INTERMEDIAÇÃO","","","","","","","","","","","","","","","","","","","","","",""
"INTERMEDIAÇÃO GYN SISCV HOSPITAL RUY AZEREDO GOIÂNIA","UTI ADULTO","CARDIOVASCULAR","INTERMEDIAÇÃO","","","","","","","","","","","","","","","","","","","","","",""
"INTERMEDIAÇÃO GYN SISCV HOSPITAL RUY AZEREDO GOIÂNIA","UTI ADULTO","CARDIOLOGIA CLÍNICA","INTERMEDIAÇÃO","","","","","","","","","","","","","","","","","","","","","",""
"INTERMEDIAÇÃO GYN SISCV HOSPITAL RUY AZEREDO GOIÂNIA","UTI ADULTO","CARDIOVASCULAR","INTERMEDIAÇÃO","","","","","","","","","","","","","","","","","","","","","",""
"INTERMEDIAÇÃO GYN SISCV HOSPITAL RUY AZEREDO GOIÂNIA","ENFERMARIA ADULTO","CARDIOLOGIA CLÍNICA","INTERMEDIAÇÃO","","","","","","","","","","","","","","","","","","","","","",""
"INTERMEDIAÇÃO GYN SISCV HOSPITAL RUY AZEREDO GOIÂNIA","ENFERMARIA ADULTO","CARDIOVASCULAR","INTERMEDIAÇÃO","","","","","","","","","","","","","","","","","","","","","",""
"INTERMEDIAÇÃO GYN SISCV HOSPITAL RUY AZEREDO GOIÂNIA","ENFERMARIA ADULTO","CARDIOLOGIA CLÍNICA","INTERMEDIAÇÃO","","","","","","","","","","","","","","","","","","","","","",""
"INTERMEDIAÇÃO GYN SISCV HOSPITAL RUY AZEREDO GOIÂNIA","ENFERMARIA ADULTO","CARDIOVASCULAR","INTERMEDIAÇÃO","","","","","","","","","","","","","","","","","","","","","",""
"INTERMEDIAÇÃO GYN SISCV HOSPITAL RUY AZEREDO GOIÂNIA","ENFERMARIA ADULTO","CARDIOLOGIA CLÍNICA","INTERMEDIAÇÃO","","","","","","","","","","","","","","","","","","","","","",""
"INTERMEDIAÇÃO GYN SISCV HOSPITAL RUY AZEREDO GOIÂNIA","ENFERMARIA ADULTO","CARDIOVASCULAR","INTERMEDIAÇÃO","","","","","","","","","","","","","","","","","","","","","",""
"INTERMEDIAÇÃO GYN SISCV HOSPITAL RUY AZEREDO GOIÂNIA","ENFERMARIA ADULTO","CARDIOLOGIA CLÍNICA","INTERMEDIAÇÃO","","","","","","","","","","","","","","","","","","","","","",""
"INTERMEDIAÇÃO GYN SISCV HOSPITAL RUY AZEREDO GOIÂNIA","ENFERMARIA ADULTO","CARDIOVASCULAR","INTERMEDIAÇÃO","","","","","","","","","","","","","","","","","","","","","",""
"INTERMEDIAÇÃO GYN SISCV HOSPITAL RUY AZEREDO GOIÂNIA","ENFERMARIA ADULTO","CARDIOLOGIA CLÍNICA","INTERMEDIAÇÃO","","","","","","","","","","","","","","","","","","","","","",""
"INTERMEDIAÇÃO GYN SISCV HOSPITAL RUY AZEREDO GOIÂNIA","ENFERMARIA ADULTO","CARDIOVASCULAR","INTERMEDIAÇÃO","","","","","","","","","","","","","","","","","","","","","",""
"INTERMEDIAÇÃO GYN SISCV HOSPITAL RUY AZEREDO GOIÂNIA","ENFERMARIA ADULTO","CARDIOLOGIA CLÍNICA","INTERMEDIAÇÃO","","","","","","","","","","","","","","","","","","","","","",""
"INTERMEDIAÇÃO GYN SISCV HOSPITAL RUY AZEREDO GOIÂNIA","ENFERMARIA ADULTO","CARDIOVASCULAR","INTERMEDIAÇÃO","","","","","","","","","","","","","","","","","","","","","",""
"INTERMEDIAÇÃO GYN SISCV HOSPITAL RUY AZEREDO GOIÂNIA","ENFERMARIA ADULTO","CARDIOLOGIA CLÍNICA","INTERMEDIAÇÃO","","","","","","","","","","","","","","","","","","","","","",""
"INTERMEDIAÇÃO GYN SISCV HOSPITAL RUY AZEREDO GOIÂNIA","ENFERMARIA ADULTO","CARDIOVASCULAR","INTERMEDIAÇÃO","","","","","","","","","","","","","","","","","","","","","",""
"INTERMEDIAÇÃO GYN SISCV HOSPITAL RUY AZEREDO GOIÂNIA","ENFERMARIA ADULTO","CARDIOLOGIA CLÍNICA","INTERMEDIAÇÃO","","","","","","","","","","","","","","","","","","","","","",""
"INTERMEDIAÇÃO GYN SISCV HOSPITAL RUY AZEREDO GOIÂNIA","ENFERMARIA ADULTO","CARDIOVASCULAR","INTERMEDIAÇÃO","","","","","","","","","","","","","","","","","","","","","",""
"INTERMEDIAÇÃO GYN SISCV HOSPITAL RUY AZEREDO GOIÂNIA","ENFERMARIA ADULTO","CARDIOLOGIA CLÍNICA","INTERMEDIAÇÃO","","","","","","","","","","","","","","","","","","","","","",""
"INTERMEDIAÇÃO GYN SISCV HOSPITAL RUY AZEREDO GOIÂNIA","ENFERMARIA ADULTO","CARDIOVASCULAR","INTERMEDIAÇÃO","","","","","","","","","","","","","","","","","","","","","",""
"INTERMEDIAÇÃO GYN SISCV HOSPITAL RUY AZEREDO GOIÂNIA","ENFERMARIA ADULTO","CARDIOLOGIA CLÍNICA","INTERMEDIAÇÃO","","","","","","","","","","","","","","","","","","","","","",""
"INTERMEDIAÇÃO GYN SISCV HOSPITAL RUY AZEREDO GOIÂNIA","ENFERMARIA ADULTO","CARDIOVASCULAR","INTERMEDIAÇÃO","","","","","","","","","","","","","","","","","","","","","",""
"INTERMEDIAÇÃO GYN SISCV HOSPITAL RUY AZEREDO GOIÂNIA","ENFERMARIA ADULTO","CARDIOLOGIA CLÍNICA","INTERMEDIAÇÃO","","","","","","","","","","","","","","","","","","","","","",""
"INTERMEDIAÇÃO GYN SISCV HOSPITAL RUY AZEREDO GOIÂNIA","ENFERMARIA ADULTO","CARDIOVASCULAR","INTERMEDIAÇÃO","","","","","","","","","","","","","","","","","","","","","",""
"INTERMEDIAÇÃO GYN SISCV HOSPITAL RUY AZEREDO GOIÂNIA","ENFERMARIA ADULTO","CARDIOLOGIA CLÍNICA","INTERMEDIAÇÃO","","","","","","","","","","","","","","","","","","","","","",""
"INTERMEDIAÇÃO GYN SISCV HOSPITAL RUY AZEREDO GOIÂNIA","ENFERMARIA ADULTO","CARDIOVASCULAR","INTERMEDIAÇÃO","","","","","","","","","","","","","","","","","","","","","",""
"INTERMEDIAÇÃO GYN SISCV HOSPITAL SANTA ROSA GOIâNIA ","ENFERMARIA ADULTO","CLÍNICA MÉDICA","INTERMEDIAÇÃO","","","","","","","","","","","","","","","","","","","","","",""
"PAX CLÍNICA - AP. DE GOIÂNIA / INTERMEDIAÇÃO ","ENFERMARIA ADULTO","PSIQUIATRIA","INTERMEDIAÇÃO","NÃO É PERFIL: <18 E >60 ANOS, DEMANDA JUDICIAL E INTERNAÇÃO COMPULSÓRIA, DEPENDENTE QUÍMICO COM NECESSIDADE DE ACOMPANHANTES PARA AUTOCUIDADOS, GESTANTES COM INSTABILIDADE CLÍNICA. NÃO INSERIR PACIENTES DA REGIÃO CENTRAL DA MACRORREGIÃO CENTRO-OESTE E NÃO INSERIR PACIENTES DA REGIÃO CENTRO SUL DA MACRORREGIÃO CENTRO-SUDESTE","","","","","","","","","","","","","","","","","","","","",""
"SANTA CASA DE MISERICORDIA DE GOIÂNIA / INTERMEDIAÇÃO ","ENFERMARIA ADULTO","CARDIOLOGIA CLÍNICA","INTERMEDIAÇÃO","","","","","","","","","","","","","","","","","","","","","",""
"SANTA CASA DE MISERICORDIA DE GOIÂNIA / INTERMEDIAÇÃO ","UTI ADULTO","CARDIOLOGIA CLÍNICA","INTERMEDIAÇÃO","","","","","","","","","","","","","","","","","","","","","",""
"SANTA CASA DE MISERICORDIA DE GOIÂNIA / INTERMEDIAÇÃO ","UTI ADULTO","CARDIOVASCULAR","INTERMEDIAÇÃO","","","","","","","","","","","","","","","","","","","","","",""
"SANTA CASA DE MISERICORDIA DE GOIÂNIA / INTERMEDIAÇÃO ","ENFERMARIA ADULTO","CARDIOVASCULAR","INTERMEDIAÇÃO","","","","","","","","","","","","","","","","","","","","","",""
"SANTA CASA DE MISERICORDIA DE GOIÂNIA / INTERMEDIAÇÃO ","ENFERMARIA ADULTO","CIRURGIA VASCULAR/ENDO/ANGIO","INTERMEDIAÇÃO","","","","","","","","","","","","","","","","","","","","","",""
"SANTA CASA DE MISERICORDIA DE GOIÂNIA / INTERMEDIAÇÃO ","UTI ADULTO","CIRURGIA VASCULAR/ENDO/ANGIO","INTERMEDIAÇÃO","","","","","","","","","","","","","","","","","","","","","",""
"SANTA CASA DE MISERICORDIA DE GOIÂNIA / INTERMEDIAÇÃO ","UTI ADULTO","GASTROENTEROLOGIA","INTERMEDIAÇÃO","","","","","","","","","","","","","","","","","","","","","",""
"SANTA CASA DE MISERICORDIA DE GOIÂNIA / INTERMEDIAÇÃO ","ENFERMARIA ADULTO","GASTROENTEROLOGIA","INTERMEDIAÇÃO","","","","","","","","","","","","","","","","","","","","","",""
"SANTA CASA DE MISERICORDIA DE GOIÂNIA / INTERMEDIAÇÃO ","ENFERMARIA ADULTO","HEMATOLOGIA","INTERMEDIAÇÃO","","","","","","","","","","","","","","","","","","","","","",""
"SANTA CASA DE MISERICORDIA DE GOIÂNIA / INTERMEDIAÇÃO ","UTI ADULTO","HEMATOLOGIA","INTERMEDIAÇÃO","","","","","","","","","","","","","","","","","","","","","",""
"SANTA CASA DE MISERICORDIA DE GOIÂNIA / INTERMEDIAÇÃO ","UTI ADULTO","NEFROLOGIA","INTERMEDIAÇÃO","","","","","","","","","","","","","","","","","","","","","",""
"SANTA CASA DE MISERICORDIA DE GOIÂNIA / INTERMEDIAÇÃO ","ENFERMARIA ADULTO","NEFROLOGIA","INTERMEDIAÇÃO","","","","","","","","","","","","","","","","","","","","","",""
"SANTA CASA DE MISERICORDIA DE GOIÂNIA / INTERMEDIAÇÃO ","UTI ADULTO","NEUROLOGIA","INTERMEDIAÇÃO","","","","","","","","","","","","","","","","","","","","","",""
"SANTA CASA DE MISERICORDIA DE GOIÂNIA / INTERMEDIAÇÃO ","ENFERMARIA ADULTO","NEUROLOGIA","INTERMEDIAÇÃO","","","","","","","","","","","","","","","","","","","","","",""
"SANTA CASA DE MISERICORDIA DE GOIÂNIA / INTERMEDIAÇÃO ","ENFERMARIA ADULTO","ONCOLOGIA","INTERMEDIAÇÃO","","","","","","","","","","","","","","","","","","","","","",""
"SANTA CASA DE MISERICORDIA DE GOIÂNIA / INTERMEDIAÇÃO ","UTI ADULTO","ONCOLOGIA","INTERMEDIAÇÃO","","","","","","","","","","","","","","","","","","","","","",""
"SANTA CASA DE MISERICORDIA DE GOIÂNIA / INTERMEDIAÇÃO ","UTI ADULTO","PNEUMOLOGIA","INTERMEDIAÇÃO","","","","","","","","","","","","","","","","","","","","","",""
"SANTA CASA DE MISERICORDIA DE GOIÂNIA / INTERMEDIAÇÃO ","ENFERMARIA ADULTO","PNEUMOLOGIA","INTERMEDIAÇÃO","","","","","","","","","","","","","","","","","","","","","",""
"SANTA CASA DE MISERICORDIA DE GOIÂNIA / INTERMEDIAÇÃO ","ENFERMARIA ADULTO","UROLOGIA","INTERMEDIAÇÃO","","","","","","","","","","","","","","","","","","","","","",""
"SANTA CASA DE MISERICORDIA DE GOIÂNIA / INTERMEDIAÇÃO ","UTI ADULTO","UROLOGIA","INTERMEDIAÇÃO","","","","","","","","","","","","","","","","","","","","","",""
"SANTA CASA DE MISERICORDIA DE GOIÂNIA / INTERMEDIAÇÃO ","UTI ADULTO","UTI CORONARIANA","INTERMEDIAÇÃO","","","","","","","","","","","","","","","","","","","","","",""